{
    "profile": {
        "id": "032bd17f-2974-4f6c-9fd1-bdc8b598afe8",
        "subscription_plan": "free_trial",
        "trial_end_date": "2025-11-23T16:29:14.042439+00:00",
        "subscription_start_date": null,
        "subscription_end_date": null,
        "has_active_subscription": false,
        "stripe_customer_id": null,
        "stripe_subscription_id": null,
        "created_at": "2025-11-20T16:29:14.042439+00:00",
        "aura_points": 0,
        "current_level": 1,
        "level_name": "Beginner",
        "rank_title": "Novice Learner",
        "xp": 0,
        "gold": 0,
        "streak": 0,
        "last_quest_date": null
    },
    "activities": [
        {
            "id": "c22f87e3-ffa1-43d0-afe2-39b34b4974df",
            "user_id": "032bd17f-2974-4f6c-9fd1-bdc8b598afe8",
            "action_type": "purchase_product",
            "action_title": "Purchased Product",
            "action_description": "Bought Study Guide",
            "related_entity_type": "product",
            "related_entity_id": "2da59e4a-727b-469c-bef4-916968d0503b",
            "related_entity_name": "Amharic Study Guide",
            "ip_address": null,
            "user_agent": null,
            "metadata": {
                "price": 29.99,
                "currency": "USD"
            },
            "created_at": "2025-12-15T16:28:35.048625+00:00"
        }
    ],
    "enrollments": [
        {
            "id": "40d2624e-693e-480d-a903-531958720141",
            "student_id": "032bd17f-2974-4f6c-9fd1-bdc8b598afe8",
            "course_id": "93263d40-7ca0-4155-a055-84703a3f7bd5",
            "progress_percentage": 25,
            "is_completed": false,
            "enrolled_at": "2025-11-21T02:46:43.59071+00:00",
            "completed_at": null,
            "last_accessed_at": "2025-11-23T03:41:42.861414+00:00"
        },
        {
            "id": "429463ad-c83b-452c-8df6-118007901209",
            "student_id": "032bd17f-2974-4f6c-9fd1-bdc8b598afe8",
            "course_id": "144c572a-803d-4e83-a465-c67bd9667017",
            "progress_percentage": 0,
            "is_completed": false,
            "enrolled_at": "2025-12-01T00:00:00+00:00",
            "completed_at": null,
            "last_accessed_at": null
        }
    ]
}